{"cameraMode":{"drawMode":0,"name":"Shaded","section":"Shading Mode"},"sceneLighting":false,"audioPlay":false,"sceneViewState":{"m_AlwaysRefresh":false,"showFog":true,"showSkybox":false,"showFlares":true,"showImageEffects":false,"showParticleSystems":true,"showVisualEffectGraphs":true,"m_FxEnabled":true},"in2DMode":false,"pivot":{"x":-0.5148239731788635,"y":0.3830519914627075,"z":0.10241913795471192},"rotation":{"x":0.06655783951282501,"y":-0.931792140007019,"z":0.23293723165988923,"w":0.2731565237045288},"size":0.6839110255241394,"orthographic":false}