{"cameraMode":{"drawMode":0,"name":"Shaded","section":"Shading Mode"},"sceneLighting":true,"audioPlay":false,"sceneViewState":{"m_AlwaysRefresh":false,"showFog":true,"showSkybox":true,"showFlares":true,"showImageEffects":true,"showParticleSystems":true,"showVisualEffectGraphs":true,"m_FxEnabled":true},"in2DMode":false,"pivot":{"x":494.2052307128906,"y":-155.93678283691407,"z":-373.6054992675781},"rotation":{"x":-0.021693121641874315,"y":-0.9725872278213501,"z":0.10132770985364914,"w":-0.20820823311805726},"size":519.0198974609375,"orthographic":false}