{"cameraMode":{"drawMode":0,"name":"Shaded","section":"Shading Mode"},"sceneLighting":true,"audioPlay":false,"sceneViewState":{"m_AlwaysRefresh":false,"showFog":true,"showSkybox":true,"showFlares":true,"showImageEffects":false,"showParticleSystems":true,"showVisualEffectGraphs":true,"m_FxEnabled":true},"in2DMode":false,"pivot":{"x":-13.91519546508789,"y":15.559428215026856,"z":-23.519432067871095},"rotation":{"x":0.03542538359761238,"y":0.9177477955818176,"z":0.08750448375940323,"w":-0.38662293553352358},"size":13.022601127624512,"orthographic":false}