{"cameraMode":{"drawMode":0,"name":"Shaded","section":"Shading Mode"},"sceneLighting":true,"audioPlay":false,"sceneViewState":{"m_AlwaysRefresh":false,"showFog":true,"showSkybox":true,"showFlares":true,"showImageEffects":false,"showParticleSystems":true,"showVisualEffectGraphs":true,"m_FxEnabled":true},"in2DMode":false,"pivot":{"x":-77.90289306640625,"y":2.363856792449951,"z":-51.92192459106445},"rotation":{"x":-0.0031866850331425668,"y":-0.7831299901008606,"z":-0.003984086215496063,"w":0.6218547821044922},"size":20.894018173217775,"orthographic":false}