{"cameraMode":{"drawMode":0,"name":"Shaded","section":"Shading Mode"},"sceneLighting":false,"audioPlay":false,"sceneViewState":{"m_AlwaysRefresh":false,"showFog":true,"showSkybox":false,"showFlares":true,"showImageEffects":false,"showParticleSystems":true,"showVisualEffectGraphs":true,"m_FxEnabled":true},"in2DMode":false,"pivot":{"x":0.07778480648994446,"y":0.1362583488225937,"z":0.05494001507759094},"rotation":{"x":-0.00028527574613690376,"y":-0.9973243474960327,"z":0.0038880070205777885,"w":-0.07313951104879379},"size":0.2597805857658386,"orthographic":false}